{
  "name": "XD60rev3",
  "vendorId": "0x7844",
  "productId": "0x6363",
  "lighting": {
    "extends": "qmk_rgblight"},
  "matrix": { "rows": 5, "cols": 14 },
  "layouts": {
  	"labels": [
      "Split Backspace",
      "ISO Enter",
      "Split Right Shift",
      ["Bottom Row", "ANSI", "7U", "HHKB", "WKL"]
    ],
    "keymap":[
  [
    {
      "c": "#636262"
    },
    "0,0",
    {
      "c": "#cccccc"
    },
    "0,1",
    "0,2",
    "0,3",
    "0,4",
    "0,5",
    "0,6",
    "0,7",
    "0,8",
    "0,9",
    "0,10",
    "0,11",
    "0,12",
    {
      "c": "#a29c9c",
      "w": 2
    },
    "0,13\n\n\n0,0",
    {
      "x": 1,
      "c": "#cccccc"
    },
    "0,13\n\n\n0,1",
    "2,13\n\n\n0,1"
  ],
  [
    {
      "c": "#a29c9c",
      "w": 1.5
    },
    "1,0",
    {
      "c": "#cccccc"
    },
    "1,1",
    "1,2",
    "1,3",
    "1,4",
    "1,5",
    "1,6",
    "1,7",
    "1,8",
    "1,9",
    "1,10",
    "1,11",
    "1,12",
    {
      "w": 1.5
    },
    "1,13\n\n\n1,0",
    {
      "x": 1.75,
      "c": "#636262",
      "w": 1.25,
      "h": 2,
      "w2": 1.5,
      "h2": 1,
      "x2": -0.25
    },
    "1,13\n\n\n1,1"
  ],
  [
    {
      "c": "#a29c9c",
      "w": 1.75
    },
    "2,0",
    {
      "c": "#cccccc"
    },
    "2,1",
    "2,2",
    "2,3",
    "2,4",
    "2,5",
    "2,6",
    "2,7",
    "2,8",
    "2,9",
    "2,10",
    "2,11",
    {
      "c": "#636262",
      "w": 2.25
    },
    "2,12\n\n\n1,0",
    {
      "x": 0.75,
      "c": "#cccccc"
    },
    "2,12\n\n\n1,1"
  ],
  [
    {
      "c": "#a29c9c",
      "w": 2.25
    },
    "3,0",
    {
      "c": "#cccccc"
    },
    "3,2",
    "3,3",
    "3,4",
    "3,5",
    "3,6",
    "3,7",
    "3,8",
    "3,9",
    "3,10",
    "3,11",
    {
      "c": "#a29c9c",
      "w": 2.75
    },
    "3,12\n\n\n2,0",
    {
      "x": 0.25,
      "w": 1.75
    },
    "3,13\n\n\n2,1",
    "3,12\n\n\n2,1"
  ],
  [
    {
      "w": 1.25
    },
    "4,0\n\n\n3,0",
    {
      "w": 1.25
    },
    "4,1\n\n\n3,0",
    {
      "w": 1.25
    },
    "4,2\n\n\n3,0",
    {
      "c": "#cccccc",
      "w": 6.25
    },
    "4,3\n\n\n3,0",
    {
      "c": "#a29c9c",
      "w": 1.25
    },
    "4,10\n\n\n3,0",
    {
      "w": 1.25
    },
    "4,11\n\n\n3,0",
    {
      "w": 1.25
    },
    "4,12\n\n\n3,0",
    {
      "w": 1.25
    },
    "4,13\n\n\n3,0"
  ],
  [
    {
      "y": 0.25,
      "w": 1.5
    },
    "4,0\n\n\n3,1",
    "4,1\n\n\n3,1",
    {
      "w": 1.5
    },
    "4,2\n\n\n3,1",
    {
      "c": "#cccccc",
      "w": 7
    },
    "4,3\n\n\n3,1",
    {
      "c": "#a29c9c",
      "w": 1.5
    },
    "4,11\n\n\n3,1",
    "4,12\n\n\n3,1",
    {
      "w": 1.5
    },
    "4,13\n\n\n3,1"
  ],
  [
    {
      "c": "#cccccc",
      "w": 1.5,
      "d": true
    },
    "\n\n\n3,2",
    {
      "c": "#a29c9c"
    },
    "4,1\n\n\n3,2",
    {
      "w": 1.5
    },
    "4,2\n\n\n3,2",
    {
      "c": "#cccccc",
      "w": 7
    },
    "4,3\n\n\n3,2",
    {
      "c": "#a29c9c",
      "w": 1.5
    },
    "4,11\n\n\n3,2",
    "4,12\n\n\n3,2",
    {
      "c": "#cccccc",
      "w": 1.5,
      "d": true
    },
    "\n\n\n3,2"
  ],
  [
    {
      "c": "#a29c9c",
      "w": 1.5
    },
    "4,0\n\n\n3,3",
    {
      "c": "#cccccc",
      "d": true
    },
    "\n\n\n3,3",
    {
      "c": "#a29c9c",
      "w": 1.5
    },
    "4,2\n\n\n3,3",
    {
      "c": "#cccccc",
      "w": 7
    },
    "4,3\n\n\n3,3",
    {
      "c": "#a29c9c",
      "w": 1.5
    },
    "4,11\n\n\n3,3",
    {
      "c": "#cccccc",
      "d": true
    },
    "\n\n\n3,3",
    {
      "c": "#a29c9c",
      "w": 1.5
    },
    "4,13\n\n\n3,3"
  ]
]
  }
}